Surname,Surname2,Romaji Name,FirstChar,SecondChar
佐藤,佐藤,Satou,佐,藤
鈴木,鈴木,Suzuki,鈴,木
高橋,高橋,Takahashi,高,橋
田中,田中,Tanaka,田,中
渡辺,渡辺,Watanabe,渡,辺
伊藤,伊藤,Itou,伊,藤
山本,山本,Yamamoto,山,本
中村,中村,Nakamura,中,村
小林,小林,Kobayashi,小,林
加藤,加藤,Katou,加,藤
吉田,吉田,Yoshida,吉,田
山田,山田,Yamada,山,田
山口,山口,Yamaguchi,山,口
松本,松本,Matsumoto,松,本
井上,井上,Inoue,井,上
斎藤,斎藤,Saitou,斎,藤
木村,木村,Kimura,木,村
清水,清水,Shimizu,清,水
山崎,山崎,Yamazaki,山,崎
阿部,阿部,Abe,阿,部
池田,池田,Ikeda,池,田
橋本,橋本,Hashimoto,橋,本
山下,山下,Yamashita,山,下
石川,石川,Ishikawa,石,川
中島,中島,Nakajima,中,島
前田,前田,Maeda,前,田
藤田,藤田,Fujita,藤,田
小川,小川,Ogawa,小,川
岡田,岡田,Okada,岡,田
後藤,後藤,Gotou,後,藤
村上,村上,Murakami,村,上
近藤,近藤,Kondou,近,藤
石井,石井,Ishii,石,井
坂本,坂本,Sakamoto,坂,本
遠藤,遠藤,Endou,遠,藤
青木,青木,Aoki,青,木
藤井,藤井,Fujii,藤,井
西村,西村,Nishimura,西,村
福田,福田,Fukuda,福,田
太田,太田,Oota,太,田
斉藤,斉藤,Saitou,斉,藤
三浦,三浦,Miura,三,浦
藤原,藤原,Fujiwara,藤,原
岡本,岡本,Okamoto,岡,本
松田,松田,Matsuda,松,田
中川,中川,Nakagawa,中,川
中野,中野,Nakano,中,野
原田,原田,Harada,原,田
小野,小野,Ono,小,野
田村,田村,Tamura,田,村
竹内,竹内,Takeuchi,竹,内
金子,金子,Kaneko,金,子
和田,和田,Wada,和,田
中山,中山,Nakayama,中,山
石田,石田,Ishida,石,田
上田,上田,Ueda,上,田
森田,森田,Morita,森,田
柴田,柴田,Shibata,柴,田
酒井,酒井,Sakai,酒,井
工藤,工藤,Kudou,工,藤
横山,横山,Yokoyama,横,山
宮崎,宮崎,Miyazaki,宮,崎
宮本,宮本,Miyamoto,宮,本
内田,内田,Uchida,内,田
高木,高木,Takagi,高,木
安藤,安藤,Andou,安,藤
谷口,谷口,Taniguchi,谷,口
大野,大野,Oono,大,野
丸山,丸山,Maruyama,丸,山
今井,今井,Imai,今,井
高田,高田,Takada,高,田
河野,河野,Kouno,河,野
藤本,藤本,Fujimoto,藤,本
小島,小島,Kojima,小,島
武田,武田,Takeda,武,田
村田,村田,Murata,村,田
上野,上野,Ueno,上,野
杉山,杉山,Sugiyama,杉,山
増田,増田,Masuda,増,田
菅原,菅原,Sugawara,菅,原
平野,平野,Hirano,平,野
小山,小山,Koyama,小,山
大塚,大塚,Ootsuka,大,塚
千葉,千葉,Chiba,千,葉
久保,久保,Kubo,久,保
松井,松井,Matsui,松,井
岩崎,岩崎,Iwasaki,岩,崎
木下,木下,Kinoshita,木,下
野口,野口,Noguchi,野,口
松尾,松尾,Matsuo,松,尾
野村,野村,Nomura,野,村
菊地,菊地,Kikuchi,菊,地
佐野,佐野,Sano,佐,野
渡部,渡部,Watanabe,渡,部
大西,大西,Oonishi,大,西
杉本,杉本,Sugimoto,杉,本
新井,新井,Arai,新,井
古川,古川,Furukawa,古,川
桜井,桜井,Sakurai,桜,井
市川,市川,Ichikawa,市,川
小松,小松,Komatsu,小,松
島田,島田,Shimada,島,田
水野,水野,Mizuno,水,野
高野,高野,Takano,高,野
吉川,吉川,Yoshikawa,吉,川
山内,山内,Yamauchi,山,内
西田,西田,Nishida,西,田
菊池,菊池,Kikuchi,菊,池
西川,西川,Nishikawa,西,川
北村,北村,Kitamura,北,村
安田,安田,Yasuda,安,田
浜田,浜田,Hamada,浜,田
中田,中田,Nakata,中,田
川口,川口,Kawaguchi,川,口
平田,平田,Hirata,平,田
川崎,川崎,Kawasaki,川,崎
飯田,飯田,Iida,飯,田
本田,本田,Honda,本,田
吉村,吉村,Yoshimura,吉,村
中西,中西,Nakanishi,中,西
岩田,岩田,Iwata,岩,田
服部,服部,Hattori,服,部
樋口,樋口,Higuchi,樋,口
福島,福島,Fukushima,福,島
川上,川上,Kawakami,川,上
永井,永井,Nagai,永,井
松岡,松岡,Matsuoka,松,岡
田口,田口,Taguchi,田,口
山中,山中,Yamanaka,山,中
森本,森本,Morimoto,森,本
土屋,土屋,Tsuchiya,土,屋
矢野,矢野,Yano,矢,野
秋山,秋山,Akiyama,秋,山
石原,石原,Ishihara,石,原
松下,松下,Matsushita,松,下
馬場,馬場,Baba,馬,場
大橋,大橋,Oohashi,大,橋
吉岡,吉岡,Yoshioka,吉,岡
松浦,松浦,Matsuura,松,浦
小池,小池,Koike,小,池
浅野,浅野,Asano,浅,野
荒木,荒木,Araki,荒,木
熊谷,熊谷,Kumagai,熊,谷
野田,野田,Noda,野,田
川村,川村,Kawamura,川,村
星野,星野,Hoshino,星,野
大谷,大谷,Ooya,大,谷
黒田,黒田,Kuroda,黒,田
尾崎,尾崎,Ozaki,尾,崎
広瀬,広瀬,Hirose,広,瀬
永田,永田,Nagata,永,田
望月,望月,Mochizuki,望,月
松村,松村,Matsumura,松,村
内藤,内藤,Naitou,内,藤
田辺,田辺,Tanabe,田,辺
菅野,菅野,Kanno,菅,野
西山,西山,Nishiyama,西,山
平井,平井,Hirai,平,井
大島,大島,Ooshima,大,島
岩本,岩本,Iwamoto,岩,本
片山,片山,Katayama,片,山
本間,本間,Honma,本,間
早川,早川,Hayakawa,早,川
横田,横田,Yokota,横,田
岡崎,岡崎,Okazaki,岡,崎
荒井,荒井,Arai,荒,井
鎌田,鎌田,Kamata,鎌,田
沢田,沢田,Sawada,沢,田
大石,大石,Ooishi,大,石
成田,成田,Narita,成,田
小田,小田,Oda,小,田
宮田,宮田,Miyata,宮,田
石橋,石橋,Ishibashi,石,橋
篠原,篠原,Shinohara,篠,原
須藤,須藤,Sudou,須,藤
萩原,萩原,Hagihara,萩,原
高山,高山,Takayama,高,山
小西,小西,Konishi,小,西
栗原,栗原,Kurihara,栗,原
松原,松原,Matsubara,松,原
伊東,伊東,Itou,伊,東
三宅,三宅,Miyake,三,宅
福井,福井,Fukui,福,井
大森,大森,Oomori,大,森
奥村,奥村,Okumura,奥,村
内山,内山,Uchiyama,内,山
松永,松永,Matsunaga,松,永
片岡,片岡,Kataoka,片,岡
桑原,桑原,Kuwahara,桑,原
小沢,小沢,Ozawa,小,沢
関口,関口,Sekiguchi,関,口
北川,北川,Kitagawa,北,川
奥田,奥田,Okuda,奥,田
富田,富田,Tomita,富,田
古賀,古賀,Koga,古,賀
八木,八木,Yagi,八,木
上原,上原,Uehara,上,原
吉野,吉野,Yoshino,吉,野
今村,今村,Imamura,今,村
白石,白石,Shiraishi,白,石
上村,上村,Uemura,上,村
小泉,小泉,Koizumi,小,泉
中尾,中尾,Nakao,中,尾
川島,川島,Kawashima,川,島
平山,平山,Hirayama,平,山
青山,青山,Aoyama,青,山
岡村,岡村,Okamura,岡,村
牧野,牧野,Makino,牧,野
寺田,寺田,Terada,寺,田
河合,河合,Kawai,河,合
坂口,坂口,Sakaguchi,坂,口
渋谷,渋谷,Shibuya,渋,谷
児玉,児玉,Kodama,児,玉
大山,大山,Daisen,大,山
多田,多田,Tada,多,田
宮下,宮下,Miyashita,宮,下
小倉,小倉,Ogura,小,倉
竹田,竹田,Taketa,竹,田
足立,足立,Adachi,足,立
村山,村山,Murayama,村,山
天野,天野,Amano,天,野
坂井,坂井,Sakai,坂,井
杉浦,杉浦,Sugiura,杉,浦
坂田,坂田,Sakata,坂,田
小原,小原,Ohara,小,原
豊田,豊田,Toyoda,豊,田
武藤,武藤,Mutou,武,藤
水谷,水谷,Mizutani,水,谷
河村,河村,Kawamura,河,村
角田,角田,Tsunoda,角,田
根本,根本,Konpon,根,本
関根,関根,Sekine,関,根
森下,森下,Morishita,森,下
中井,中井,Nakai,中,井
飯塚,飯塚,Iizuka,飯,塚
塚本,塚本,Tsukamoto,塚,本
植田,植田,Ueda,植,田
神田,神田,Kanda,神,田
田島,田島,Tajima,田,島
前川,前川,Maekawa,前,川
山根,山根,Yamane,山,根
安部,安部,Abe,安,部
浅井,浅井,Asai,浅,井
白井,白井,Shirai,白,井
宮川,宮川,Miyagawa,宮,川
岡部,岡部,Okabe,岡,部
大川,大川,Ookawa,大,川
長田,長田,Osada,長,田
堀内,堀内,Horiuchi,堀,内
大沢,大沢,Oosawa,大,沢
稲垣,稲垣,Inagaki,稲,垣
若林,若林,Wakabayashi,若,林
松崎,松崎,Matsuzaki,松,崎
神谷,神谷,Kamiya,神,谷
森山,森山,Moriyama,森,山
榎本,榎本,Enomoto,榎,本
畠山,畠山,Hatakeyama,畠,山
中谷,中谷,Nakatani,中,谷
及川,及川,Oikawa,及,川
江口,江口,Eguchi,江,口
細川,細川,Hosokawa,細,川
三上,三上,Mikami,三,上
今野,今野,Konno,今,野
西尾,西尾,Nishio,西,尾
中沢,中沢,Nakazawa,中,沢
安達,安達,Adachi,安,達
田代,田代,Tashiro,田,代
飯島,飯島,Iijima,飯,島
石塚,石塚,Ishizuka,石,塚
土井,土井,Doi,土,井
津田,津田,Tsuda,津,田
荒川,荒川,Arakawa,荒,川
中原,中原,Nakahara,中,原
岸本,岸本,Kishimoto,岸,本
戸田,戸田,Toda,戸,田
長尾,長尾,Nagao,長,尾
本多,本多,Honda,本,多
森川,森川,Morikawa,森,川
三好,三好,Miyoshi,三,好
中嶋,中嶋,Nakajima,中,嶋
村松,村松,Muramatsu,村,松
金井,金井,Kanai,金,井
米田,米田,Yoneda,米,田
稲葉,稲葉,Inaba,稲,葉
岡野,岡野,Okano,岡,野
松山,松山,Matsuyama,松,山
甲斐,甲斐,Kai,甲,斐
西岡,西岡,Nishioka,西,岡
佐伯,佐伯,Saeki,佐,伯
岩井,岩井,Iwai,岩,井
黒木,黒木,Kuroki,黒,木
落合,落合,Ochiai,落,合
金田,金田,Kaneda,金,田
野崎,野崎,Nozaki,野,崎
堀田,堀田,Hotta,堀,田
町田,町田,Machida,町,田
西野,西野,Nishino,西,野
山岸,山岸,Yamagishi,山,岸
徳永,徳永,Tokunaga,徳,永
新田,新田,Shinta,新,田
古田,古田,Furuta,古,田
黒川,黒川,Kurokawa,黒,川
川田,川田,Kawata,川,田
滝沢,滝沢,Takizawa,滝,沢
土田,土田,Tsuchita,土,田
山川,山川,Yamakawa,山,川
杉田,杉田,Sugita,杉,田
笠原,笠原,Kasahara,笠,原
村井,村井,Murai,村,井
奥山,奥山,Okuyama,奥,山
須田,須田,Suda,須,田
三木,三木,Miki,三,木
梅田,梅田,Umeda,梅,田
大竹,大竹,Ootake,大,竹
野中,野中,Nonaka,野,中
金沢,金沢,Kanazawa,金,沢
堀江,堀江,Horie,堀,江
齋藤,齋藤,Saitou,齋,藤
大村,大村,Oomura,大,村
川端,川端,Kawabata,川,端
日高,日高,Hidaka,日,高
梶原,梶原,Kajiwara,梶,原
西本,西本,Nishimoto,西,本
藤沢,藤沢,Fujisawa,藤,沢
広田,広田,Hirota,広,田
井口,井口,Iguchi,井,口
向井,向井,Mukai,向,井
大木,大木,Taiboku,大,木
榊原,榊原,Sakakibara,榊,原
大場,大場,Ooba,大,場
竹中,竹中,Takenaka,竹,中
松島,松島,Matsushima,松,島
藤川,藤川,Fujikawa,藤,川
川原,川原,Kawara,川,原
安井,安井,Yasui,安,井
吉本,吉本,Yoshimoto,吉,本
大内,大内,Oouchi,大,内
吉原,吉原,Yoshiwara,吉,原
竹下,竹下,Takeshita,竹,下
庄司,庄司,Shouji,庄,司
藤岡,藤岡,Fujioka,藤,岡
塚田,塚田,Tsukada,塚,田
福本,福本,Fukumoto,福,本
藤村,藤村,Fujimura,藤,村
小谷,小谷,Otani,小,谷
宇野,宇野,Uno,宇,野
谷川,谷川,Tanigawa,谷,川
柳沢,柳沢,Yanagisawa,柳,沢
高島,高島,Takashima,高,島
竹本,竹本,Takemoto,竹,本
宮内,宮内,Kunai,宮,内
緒方,緒方,Ogata,緒,方
奥野,奥野,Okuno,奥,野
下田,下田,Shimoda,下,田
窪田,窪田,Kubota,窪,田
栗田,栗田,Kurita,栗,田
北野,北野,Kitano,北,野
石黒,石黒,Ishiguro,石,黒
宮沢,宮沢,Miyazawa,宮,沢
亀井,亀井,Kamei,亀,井
山村,山村,Sanson,山,村
茂木,茂木,Shigeki,茂,木
長野,長野,Nagano,長,野
平川,平川,Hyuugawa,平,川
藤野,藤野,Fujino,藤,野
三輪,三輪,Sanrin,三,輪
下村,下村,Shimomura,下,村
宮原,宮原,Miyahara,宮,原
川本,川本,Kawamoto,川,本
丹羽,丹羽,Niwa,丹,羽
長島,長島,Nagashima,長,島
嶋田,嶋田,Shimada,嶋,田
古谷,古谷,Furuya,古,谷
高井,高井,Takai,高,井
竹村,竹村,Takemura,竹,村
出口,出口,Deguchi,出,口
青柳,青柳,Aoyagi,青,柳
荻野,荻野,Ogino,荻,野
吉沢,吉沢,Yoshizawa,吉,沢
小森,小森,Komori,小,森
田原,田原,Tahara,田,原
稲田,稲田,Inada,稲,田
高瀬,高瀬,Takase,高,瀬
黒沢,黒沢,Kurosawa,黒,沢
大城,大城,Ooshiro,大,城
筒井,筒井,Tsutsui,筒,井
福岡,福岡,Fukuoka,福,岡
大平,大平,Oohira,大,平
横井,横井,Yokoi,横,井
林田,林田,Hayashida,林,田
福永,福永,Fukunaga,福,永
大原,大原,Oohara,大,原
宮城,宮城,Miyagi,宮,城
平松,平松,Hiramatsu,平,松
富永,富永,Tominaga,富,永
長岡,長岡,Nagaoka,長,岡
篠崎,篠崎,Shinozaki,篠,崎
溝口,溝口,Mizoguchi,溝,口
金城,金城,Kinjou,金,城
山岡,山岡,Yamaoka,山,岡
北原,北原,Kitahara,北,原
越智,越智,Ochi,越,智
鶴田,鶴田,Tsuruta,鶴,田
浅田,浅田,Asada,浅,田
柳田,柳田,Yanagida,柳,田
永野,永野,Nagano,永,野
大田,大田,Oota,大,田
入江,入江,Irie,入,江
武井,武井,Takei,武,井
相馬,相馬,Souma,相,馬
湯浅,湯浅,Yuasa,湯,浅
石山,石山,Ishiyama,石,山
二宮,二宮,Ninomiya,二,宮
堀川,堀川,Horikawa,堀,川
園田,園田,Sonoda,園,田
高松,高松,Takamatsu,高,松
西沢,西沢,Nishisawa,西,沢
長沢,長沢,Nagasawa,長,沢
臼井,臼井,Usui,臼,井
手塚,手塚,Tezuka,手,塚
沼田,沼田,Numata,沼,田
川野,川野,Kawano,川,野
篠田,篠田,Shinoda,篠,田
石崎,石崎,Ishizaki,石,崎
池上,池上,Ikegami,池,上
平岡,平岡,Hiraoka,平,岡
比嘉,比嘉,Hika,比,嘉
花田,花田,Hanada,花,田
谷本,谷本,Tanimoto,谷,本
小出,小出,Koide,小,出
瀬戸,瀬戸,Seto,瀬,戸
杉原,杉原,Sugihara,杉,原
笠井,笠井,Kasai,笠,井
深沢,深沢,Fukazawa,深,沢
根岸,根岸,Negishi,根,岸
田畑,田畑,Tahata,田,畑
西原,西原,Nishihara,西,原
片桐,片桐,Katagiri,片,桐
志村,志村,Shimura,志,村
冨田,冨田,Tomita,冨,田
大槻,大槻,Ootsuki,大,槻
野沢,野沢,Nozawa,野,沢
加納,加納,Kanou,加,納
倉田,倉田,Kurata,倉,田
千田,千田,Senda,千,田
小坂,小坂,Kosaka,小,坂
浜口,浜口,Hamaguchi,浜,口
日野,日野,Hino,日,野
矢島,矢島,Yajima,矢,島
福原,福原,Fukuhara,福,原
堀口,堀口,Horiguchi,堀,口
村瀬,村瀬,Murase,村,瀬
田上,田上,Taue,田,上
河原,河原,Kawahara,河,原
相沢,相沢,Aizawa,相,沢
新谷,新谷,Shintani,新,谷
松野,松野,Matsuno,松,野
徳田,徳田,Tokuda,徳,田
森岡,森岡,Morioka,森,岡
吉井,吉井,Yoshii,吉,井
柏木,柏木,Kashiwagi,柏,木
島崎,島崎,Shimazaki,島,崎
北島,北島,Kitajima,北,島
畑中,畑中,Hatanaka,畑,中
中本,中本,Nakamoto,中,本
白川,白川,Shirakawa,白,川
岩瀬,岩瀬,Iwase,岩,瀬
内海,内海,Naikai,内,海
小柳,小柳,Koyanagi,小,柳
三谷,三谷,Mitani,三,谷
浜崎,浜崎,Hamazaki,浜,崎
大崎,大崎,Oosaki,大,崎
浜野,浜野,Hamano,浜,野
原口,原口,Haraguchi,原,口
秋元,秋元,Akimoto,秋,元
秋田,秋田,Akita,秋,田
大井,大井,Ooi,大,井
米山,米山,Yoneyama,米,山
木原,木原,Kihara,木,原
福山,福山,Fukuyama,福,山
川畑,川畑,Kawahata,川,畑
難波,難波,Nanba,難,波
芳賀,芳賀,Haga,芳,賀
坪井,坪井,Tsuboi,坪,井
辻本,辻本,Tsujimoto,辻,本
岩下,岩下,Iwashita,岩,下
植木,植木,Ueki,植,木
今泉,今泉,Imaizumi,今,泉
吉永,吉永,Yoshinaga,吉,永
磯部,磯部,Isobe,磯,部
河内,河内,Kawauchi,河,内
小澤,小澤,Ozawa,小,澤
長井,長井,Nagai,長,井
荻原,荻原,Ogiwara,荻,原
大坪,大坪,Ootsubo,大,坪
皆川,皆川,Minakawa,皆,川
岸田,岸田,Kishida,岸,田
塩田,塩田,Shioda,塩,田
井手,井手,Ide,井,手
川瀬,川瀬,Kawase,川,瀬
細谷,細谷,Hosoya,細,谷
大友,大友,Ootomo,大,友
佐竹,佐竹,Satake,佐,竹
植村,植村,Uemura,植,村
細田,細田,Hosoda,細,田
古屋,古屋,Furuya,古,屋
三村,三村,Mimura,三,村
若松,若松,Wakamatsu,若,松
遠山,遠山,Enzan,遠,山
河田,河田,Kawada,河,田
村岡,村岡,Muraoka,村,岡
平林,平林,Hirabayashi,平,林
橋口,橋口,Hashiguchi,橋,口
三島,三島,Mishima,三,島
松川,松川,Matsukawa,松,川
相原,相原,Aihara,相,原
栗山,栗山,Kuriyama,栗,山
真鍋,真鍋,Manabe,真,鍋
井出,井出,Ide,井,出
草野,草野,Kusano,草,野
堀井,堀井,Horii,堀,井
早坂,早坂,Hayasaka,早,坂
亀山,亀山,Kameyama,亀,山
瀬川,瀬川,Sekawa,瀬,川
有馬,有馬,Arima,有,馬
玉井,玉井,Tamai,玉,井
保坂,保坂,Hosaka,保,坂
小嶋,小嶋,Kojima,小,嶋
高村,高村,Koumura,高,村
高岡,高岡,Takaoka,高,岡
清野,清野,Kiyono,清,野
半田,半田,Handa,半,田
志賀,志賀,Shiga,志,賀
水口,水口,Mizuguchi,水,口
神山,神山,Kamiyama,神,山
奈良,奈良,Nara,奈,良
川合,川合,Kawai,川,合
立石,立石,Risshaku,立,石
朝倉,朝倉,Asakura,朝,倉
葛西,葛西,Kasai,葛,西
藤森,藤森,Fujimori,藤,森
水上,水上,Suijou,水,上
河本,河本,Kawamoto,河,本
中里,中里,Nakasato,中,里
寺島,寺島,Terashima,寺,島
進藤,進藤,Shindou,進,藤
松沢,松沢,Matsuzawa,松,沢
亀田,亀田,Kameda,亀,田
織田,織田,Oda,織,田
武内,武内,Takeuchi,武,内
澤田,澤田,Sawada,澤,田
高見,高見,Kouken,高,見
尾形,尾形,Ogata,尾,形
宮島,宮島,Miyajima,宮,島
島村,島村,Shimamura,島,村
有田,有田,Arita,有,田
狩野,狩野,Kano,狩,野
大江,大江,Ooe,大,江
宮地,宮地,Miyadokorono,宮,地
大津,大津,Ootsu,大,津
江藤,江藤,Etou,江,藤
板垣,板垣,Itagaki,板,垣
市村,市村,Ichimura,市,村
寺本,寺本,Teramoto,寺,本
那須,那須,Nasu,那,須
坂下,坂下,Sakashita,坂,下
三原,三原,Mihara,三,原
植松,植松,Uematsu,植,松
藤崎,藤崎,Fujisaki,藤,崎
毛利,毛利,Mouri,毛,利
高柳,高柳,Takayanagi,高,柳
北山,北山,Kitayama,北,山
下山,下山,Gezan,下,山
大沼,大沼,Oonuma,大,沼
高原,高原,Takahara,高,原
土居,土居,Doi,土,居
三橋,三橋,Sankyou,三,橋
門脇,門脇,Kadowaki,門,脇
松木,松木,Matsugi,松,木
野上,野上,Nokami,野,上
浅見,浅見,Senken,浅,見
坂上,坂上,Sakagami,坂,上
久野,久野,Kuno,久,野
立花,立花,Tachibana,立,花
木内,木内,Kiuchi,木,内
滝本,滝本,Takimoto,滝,本
平尾,平尾,Hirao,平,尾
中根,中根,Nakane,中,根
米沢,米沢,Yonezawa,米,沢
深谷,深谷,Fukaya,深,谷
田崎,田崎,Tasaki,田,崎
岩佐,岩佐,Iwasa,岩,佐
前原,前原,Maehara,前,原
市原,市原,Ichihara,市,原
富樫,富樫,Tokashi,富,樫
守屋,守屋,Moriya,守,屋
柴崎,柴崎,Shibazaki,柴,崎
川井,川井,Kawai,川,井
高尾,高尾,Takao,高,尾
内野,内野,Naiya,内,野
今田,今田,Imada,今,田
石丸,石丸,Ishimaru,石,丸
岩永,岩永,Iwanaga,岩,永
阪本,阪本,Sakamoto,阪,本
長谷,長谷,Hase,長,谷
関谷,関谷,Sekiya,関,谷
長瀬,長瀬,Nagase,長,瀬
大倉,大倉,Ookura,大,倉
和泉,和泉,Izumi,和,泉
外山,外山,Toyama,外,山
飯野,飯野,Iino,飯,野
塚原,塚原,Tsukahara,塚,原
海野,海野,Unno,海,野
矢部,矢部,Yabe,矢,部
小宮,小宮,Komiya,小,宮
山野,山野,Yamano,山,野
三井,三井,Mitsui,三,井
渡邊,渡邊,Watanabe,渡,邊
高崎,高崎,Takasaki,高,崎
成瀬,成瀬,Naruse,成,瀬
滝口,滝口,Takiguchi,滝,口
鳥居,鳥居,Torii,鳥,居
金谷,金谷,Kanaya,金,谷
金山,金山,Kanayama,金,山
小寺,小寺,Shouji,小,寺
正木,正木,Masaki,正,木
西谷,西谷,Nishitani,西,谷
田川,田川,Tagawa,田,川
古沢,古沢,Furusawa,古,沢
石本,石本,Ishimoto,石,本
金森,金森,Kanamori,金,森
宮脇,宮脇,Miyawaki,宮,脇
石垣,石垣,Ishigaki,石,垣
木田,木田,Kida,木,田
菅谷,菅谷,Sugaya,菅,谷
黒岩,黒岩,Kuroiwa,黒,岩
井田,井田,Ida,井,田
上山,上山,Ueyama,上,山
門田,門田,Kadota,門,田
坂元,坂元,Sakamoto,坂,元
末永,末永,Suenaga,末,永
豊島,豊島,Toshima,豊,島
浜本,浜本,Hamamoto,浜,本
小畑,小畑,Obata,小,畑
板倉,板倉,Itakura,板,倉
三田,三田,Mita,三,田
野本,野本,Nomoto,野,本
江川,江川,Egawa,江,川
赤松,赤松,Akamatsu,赤,松
永山,永山,Nagayama,永,山
藤木,藤木,Fujiki,藤,木
杉村,杉村,Sugimura,杉,村
山上,山上,Sanjou,山,上
江崎,江崎,Ezaki,江,崎
大澤,大澤,Oosawa,大,澤
相川,相川,Aikawa,相,川
小室,小室,Komuro,小,室
北沢,北沢,Kitazawa,北,沢
齊藤,齊藤,Saitou,齊,藤
小杉,小杉,Kosugi,小,杉
宍戸,宍戸,Shishido,宍,戸
小関,小関,Ozeki,小,関
平塚,平塚,Hiratsuka,平,塚
諏訪,諏訪,Suwa,諏,訪
梅原,梅原,Umehara,梅,原
松元,松元,Matsumoto,松,元
森谷,森谷,Moritani,森,谷
塩谷,塩谷,Shiotani,塩,谷
井川,井川,Igawa,井,川
香川,香川,Kagawa,香,川
水田,水田,Suiden,水,田
今西,今西,Imanishi,今,西
平沢,平沢,Hirasawa,平,沢
大滝,大滝,Ootaki,大,滝
生田,生田,Ikuta,生,田
喜多,喜多,Kita,喜,多
下川,下川,Shimokawa,下,川
布施,布施,Fuse,布,施
秋葉,秋葉,Akiba,秋,葉
森脇,森脇,Moriwaki,森,脇
細井,細井,Hosoi,細,井
佐川,佐川,Sagawa,佐,川
染谷,染谷,Someya,染,谷
並木,並木,Namiki,並,木
浦田,浦田,Urata,浦,田
北田,北田,Kitada,北,田
石渡,石渡,Ishiwata,石,渡
風間,風間,Kazama,風,間
宮野,宮野,Miyano,宮,野
金丸,金丸,Kanemaru,金,丸
山元,山元,Yamamoto,山,元
土橋,土橋,Dobashi,土,橋
梅本,梅本,Umemoto,梅,本
富岡,富岡,Tomioka,富,岡
大矢,大矢,Ooya,大,矢
新垣,新垣,Aragaki,新,垣
西口,西口,Nishiguchi,西,口
小椋,小椋,Ogura,小,椋
中林,中林,Nakabayashi,中,林
都築,都築,Tsuzuki,都,築
玉城,玉城,Tamaki,玉,城
長崎,長崎,Nagasaki,長,崎
川辺,川辺,Kawabe,川,辺
木本,木本,Kimoto,木,本
高梨,高梨,Takanashi,高,梨
細野,細野,Hosono,細,野
野原,野原,Nohara,野,原
杉野,杉野,Sugino,杉,野
小幡,小幡,Obata,小,幡
大庭,大庭,Ooba,大,庭
山形,山形,Yamagata,山,形
木戸,木戸,Kido,木,戸
麻生,麻生,Asou,麻,生
仲田,仲田,Nakata,仲,田
山城,山城,Yamajiro,山,城
岩渕,岩渕,Iwabuchi,岩,渕
羽田,羽田,Hata,羽,田
堀越,堀越,Horikoshi,堀,越
依田,依田,Yoda,依,田
浅川,浅川,Asagawa,浅,川
岩間,岩間,Iwama,岩,間
真田,真田,Sanada,真,田
日下,日下,Kusaka,日,下
梅津,梅津,Umezu,梅,津
寺尾,寺尾,Terao,寺,尾
矢口,矢口,Yaguchi,矢,口
赤木,赤木,Akagi,赤,木
仲村,仲村,Nakamura,仲,村
椎名,椎名,Shiina,椎,名
矢田,矢田,Yata,矢,田
大畑,大畑,Oohata,大,畑
目黒,目黒,Meguro,目,黒
菅沼,菅沼,Suganuma,菅,沼
大熊,大熊,Ooguma,大,熊
深田,深田,Fukata,深,田
高倉,高倉,Takakura,高,倉
柳原,柳原,Yanagihara,柳,原
立川,立川,Tachikawa,立,川
影山,影山,Kageyama,影,山
池内,池内,Ikeuchi,池,内
大貫,大貫,Oonuki,大,貫
神野,神野,Kamino,神,野
岩城,岩城,Iwaki,岩,城
雨宮,雨宮,Amamiya,雨,宮
倉持,倉持,Kuramochi,倉,持
三沢,三沢,Misawa,三,沢
橋爪,橋爪,Hashizume,橋,爪
石坂,石坂,Ishizaka,石,坂
曽根,曽根,Sone,曽,根
小玉,小玉,Kodama,小,玉
小沼,小沼,Onuma,小,沼
神崎,神崎,Kanzaki,神,崎
栗林,栗林,Kuribayashi,栗,林
白鳥,白鳥,Hakuchou,白,鳥
結城,結城,Yuuki,結,城
丹野,丹野,Tanno,丹,野
上杉,上杉,Uesugi,上,杉
川西,川西,Kawanishi,川,西
玉置,玉置,Tamaki,玉,置
赤坂,赤坂,Akasaka,赤,坂
板橋,板橋,Itahashi,板,橋
瀬尾,瀬尾,Seo,瀬,尾
青野,青野,Aono,青,野
西島,西島,Nishishima,西,島
首藤,首藤,Sudou,首,藤
尾上,尾上,Onoe,尾,上
永島,永島,Nagashima,永,島
合田,合田,Gouda,合,田
清田,清田,Kiyota,清,田
井原,井原,Ihara,井,原
中澤,中澤,Nakazawa,中,澤
須賀,須賀,Suka,須,賀
宮坂,宮坂,Miyasaka,宮,坂
勝又,勝又,Katsumata,勝,又
西脇,西脇,Nishiwaki,西,脇
坂野,坂野,Sakano,坂,野
横尾,横尾,Yokoo,横,尾
森口,森口,Moriguchi,森,口
竹原,竹原,Takehara,竹,原
久米,久米,Kume,久,米
妹尾,妹尾,Seo,妹,尾
大下,大下,Ooshita,大,下
池本,池本,Ikemoto,池,本
芦田,芦田,Ashida,芦,田
三枝,三枝,Sanshi,三,枝
本村,本村,Honson,本,村
脇田,脇田,Wakita,脇,田
柏原,柏原,Kashiwabara,柏,原
川越,川越,Kawagoe,川,越
大林,大林,Oobayashi,大,林
水島,水島,Mizushima,水,島
有賀,有賀,Ariga,有,賀
手島,手島,Teshima,手,島
楠本,楠本,Kusumoto,楠,本
小堀,小堀,Kobori,小,堀
田端,田端,Tabata,田,端
志田,志田,Shida,志,田
島津,島津,Shimazu,島,津
滝川,滝川,Takigawa,滝,川
明石,明石,Akashi,明,石
沢井,沢井,Sawai,沢,井
谷村,谷村,Tanimura,谷,村
浦野,浦野,Urano,浦,野
横川,横川,Yokokawa,横,川
国分,国分,Kokubu,国,分
梅村,梅村,Umemura,梅,村
坂東,坂東,Bandou,坂,東
本橋,本橋,Motohashi,本,橋
柳川,柳川,Yanagawa,柳,川
飛田,飛田,Hida,飛,田
江原,江原,Ebara,江,原
春日,春日,Shunjitsu,春,日
大和,大和,Yamato,大,和
岡山,岡山,Okayama,岡,山
内村,内村,Uchimura,内,村
角谷,角谷,Kadoya,角,谷
笹川,笹川,Sasakawa,笹,川
桑田,桑田,Kuwata,桑,田
花岡,花岡,Hanaoka,花,岡
富山,富山,Toyama,富,山
寺沢,寺沢,Terasawa,寺,沢
白木,白木,Shiroki,白,木
益田,益田,Masuda,益,田
小栗,小栗,Oguri,小,栗
前島,前島,Maejima,前,島
砂川,砂川,Sunagawa,砂,川
梅沢,梅沢,Umesawa,梅,沢
曽我,曽我,Soga,曽,我
中塚,中塚,Nakatsuka,中,塚
吉崎,吉崎,Yoshizaki,吉,崎
石倉,石倉,Ishigura,石,倉
森永,森永,Morinaga,森,永
大嶋,大嶋,Ooshima,大,嶋
高畑,高畑,Takahata,高,畑
児島,児島,Kojima,児,島
勝田,勝田,Katsuta,勝,田
前野,前野,Maeno,前,野
小菅,小菅,Kosuga,小,菅
浅沼,浅沼,Asanuma,浅,沼
柴山,柴山,Shibayama,柴,山
桜田,桜田,Sakurada,桜,田
平良,平良,Taira,平,良
玉木,玉木,Tamaki,玉,木
井本,井本,Imoto,井,本
高谷,高谷,Takaya,高,谷
島袋,島袋,Shimabukuro,島,袋
沖田,沖田,Okita,沖,田
会田,会田,Aida,会,田
塩見,塩見,Shiomi,塩,見
熊田,熊田,Kumada,熊,田
大浦,大浦,Ooura,大,浦
本山,本山,Honzan,本,山
黒崎,黒崎,Kurosaki,黒,崎
池谷,池谷,Ikegaya,池,谷
倉本,倉本,Kuramoto,倉,本
八田,八田,Hatta,八,田
阪口,阪口,Sakaguchi,阪,口
鶴岡,鶴岡,Tsuruoka,鶴,岡
岩谷,岩谷,Iwatani,岩,谷
畠中,畠中,Hatakenaka,畠,中
野呂,野呂,Noro,野,呂
渡邉,渡邉,Watanabe,渡,邉
菅井,菅井,Sugai,菅,井
重松,重松,Shigematsu,重,松
大高,大高,Ootaka,大,高
戸塚,戸塚,Totsuka,戸,塚
古山,古山,Furuyama,古,山
城戸,城戸,Kido,城,戸
田渕,田渕,Tabuchi,田,渕
井村,井村,Imura,井,村
南部,南部,Nanbu,南,部
田尻,田尻,Tajiri,田,尻
石野,石野,Ishino,石,野
末吉,末吉,Sueyoshi,末,吉
野島,野島,Nojima,野,島
田所,田所,Tadokoro,田,所
寺岡,寺岡,Teraoka,寺,岡
恩田,恩田,Onda,恩,田
川添,川添,Kawazoe,川,添
神戸,神戸,Koube,神,戸
村木,村木,Muraki,村,木
石沢,石沢,Ishizawa,石,沢
米倉,米倉,Yonekura,米,倉
笹原,笹原,Sasahara,笹,原
平賀,平賀,Hiraga,平,賀
森井,森井,Morii,森,井
福地,福地,Fukuchi,福,地
菊田,菊田,Kikuta,菊,田
丸田,丸田,Maruta,丸,田
若山,若山,Wakayama,若,山
小口,小口,Koguchi,小,口
百瀬,百瀬,Momose,百,瀬
重田,重田,Shigeta,重,田
磯野,磯野,Isono,磯,野
藤島,藤島,Fujishima,藤,島
高嶋,高嶋,Takashima,高,嶋
増井,増井,Masui,増,井
寺西,寺西,Teranishi,寺,西
五味,五味,Gomi,五,味
新村,新村,Shinson,新,村
岡島,岡島,Okajima,岡,島
土谷,土谷,Tsuchiya,土,谷
長友,長友,Nagatomo,長,友
紺野,紺野,Konno,紺,野
小平,小平,Shouhei,小,平
鬼頭,鬼頭,Onigashira,鬼,頭
熊倉,熊倉,Kumakura,熊,倉
秋本,秋本,Akimoto,秋,本
猪股,猪股,Inomata,猪,股
深井,深井,Fukai,深,井
玉田,玉田,Tamada,玉,田
今川,今川,Imagawa,今,川
小高,小高,Odaka,小,高
安永,安永,An'Ei,安,永
中岡,中岡,Nakaoka,中,岡
照井,照井,Terui,照,井
富沢,富沢,Tomizawa,富,沢
牧田,牧田,Makita,牧,田
岩村,岩村,Iwamura,岩,村
赤羽,赤羽,Akabane,赤,羽
濱田,濱田,Hamada,濱,田
長浜,長浜,Nagahama,長,浜
有村,有村,Arimura,有,村
村中,村中,Muranaka,村,中
寺井,寺井,Terai,寺,井
松谷,松谷,Matsutani,松,谷
西井,西井,Nishii,西,井
氏家,氏家,Ujiie,氏,家
西森,西森,Nishimori,西,森
河西,河西,Kasai,河,西
夏目,夏目,Natsume,夏,目
新保,新保,Shinbo,新,保
神原,神原,Kanbara,神,原
西浦,西浦,Nishiura,西,浦
持田,持田,Mochida,持,田
松橋,松橋,Matsuhashi,松,橋
冨永,冨永,Tominaga,冨,永
福士,福士,Fukushi,福,士
藤山,藤山,Fujiyama,藤,山
柿沼,柿沼,Kakinuma,柿,沼
長坂,長坂,Nagasaka,長,坂
長沼,長沼,Naganuma,長,沼
品川,品川,Shinagawa,品,川
